source_id,source_name,source_class,access_mode,official_url,domains_or_patterns,supported_research_stages,supported_evidence_roles,search_intent_support,freshness_policy,independence_group,product_search_capability,supplier_search_capability,limitations,enabled
src-reddit-manual,Reddit community research,community_discussion,verify_terms,https://www.reddit.com/,reddit.com;redd.it,field_evidence,friction;workaround;behavior;contradiction,complaint;workaround;behavior;falsification;community,social-14d,reddit,false,false,Self-selected communities; verify API/content terms; no bulk copying,true
src-youtube,YouTube,video_platform,official_api,https://developers.google.com/youtube/v3/docs,youtube.com;youtu.be,field_evidence;product_reality,behavior;workaround;friction;competition,behavior;workaround;complaint;competition,social-14d,youtube,true,false,Comments are not representative population data; quota and API policy apply,true
src-tiktok-creative,TikTok Creative Center,social_trend,public_manual,https://ads.tiktok.com/business/creativecenter/,tiktok.com,product_reality,seasonality;competition;behavior,seasonality;competition,social-7d,tiktok,true,false,Creative activity is not sales proof; availability varies by region,true
src-tiktok-comments,TikTok video comments,video_platform,verify_terms,https://www.tiktok.com/,tiktok.com/@,field_evidence;product_reality,behavior;workaround;friction;competition;contradiction,behavior;workaround;complaint;competition;falsification,stable-behavior-365d,tiktok,false,false,Comments are not representative population data; public videos only; submit the canonical tiktok.com/@creator/video/<id> link (short links route to Creative Center); verify terms; no bulk copying,true
src-instagram-comments,Instagram Reels and post comments,video_platform,verify_terms,https://www.instagram.com/,instagram.com/reel;instagram.com/p/,field_evidence;product_reality,behavior;workaround;friction;competition;contradiction,behavior;workaround;complaint;competition;falsification,stable-behavior-365d,instagram,false,false,Comments are not representative population data; public posts only; login walls vary; verify terms; no bulk copying,true
src-facebook-groups,Facebook groups,community_discussion,verify_terms,https://www.facebook.com/groups/,facebook.com,field_evidence,friction;workaround;behavior;contradiction,complaint;workaround;behavior;community,social-14d,facebook,false,false,Closed groups need membership; terms and privacy apply; no scraping,true
src-forums-manual,Specialist forums,community_discussion,verify_terms,manual,*,field_evidence,friction;workaround;behavior;contradiction,complaint;workaround;behavior;community;falsification,stable-behavior-365d,forum:{domain},false,false,Terms and community context vary; avoid bulk copying,true
src-amazon-manual,Amazon marketplace research,marketplace_listing,manual_only,https://www.amazon.com/,amazon.com;amazon.co.uk;amazon.ca;amazon.de,product_reality,competition;price;operations;contradiction,competition;price;review_complaint;falsification,live-price-30d,amazon,true,false,Verify terms; avoid prohibited automated collection; reviews can be manipulated,true
src-walmart,Walmart marketplace,marketplace_listing,public_manual,https://www.walmart.com/,walmart.com,product_reality,competition;price;operations,competition;price;review_complaint,live-price-30d,walmart,true,false,Manual research under terms; availability is not sell-through,true
src-etsy,Etsy Open API,marketplace_listing,official_api,https://developers.etsy.com/documentation/,etsy.com,product_reality,competition;price;demand,competition;price,live-price-30d,etsy,true,false,Terms authentication and rate limits apply,true
src-ebay,eBay Browse API,marketplace_listing,official_api,https://developer.ebay.com/api-docs/buy/browse/overview.html,ebay.com,product_reality,competition;price;operations,competition;price,live-price-30d,ebay,true,false,Marketplace availability is not verified sell-through,true
src-home-depot,Home Depot,retailer,public_manual,https://www.homedepot.com/,homedepot.com,product_reality,competition;price;operations,competition;price;review_complaint,live-price-30d,homedepot,true,false,Manual research under terms; regional availability,true
src-lowes,Lowe's,retailer,public_manual,https://www.lowes.com/,lowes.com,product_reality,competition;price;operations,competition;price;review_complaint,live-price-30d,lowes,true,false,Manual research under terms; regional availability,true
src-retailer-manual,Specialist retailers,retailer,public_manual,manual,*,product_reality,competition;price;operations,competition;price,live-price-30d,retailer:{domain},true,false,Availability changes; seller claims require verification,true
src-alibaba,Alibaba,supplier_listing,public_manual,https://www.alibaba.com/,alibaba.com,supply,supply;price;operations,supplier_moq;supplier_price;supplier_lead_time,live-price-30d,alibaba,false,true,Supply only — never demand; listing prices are negotiable; verify supplier identity,true
src-cj-dropshipping,CJ Dropshipping,supplier_listing,public_manual,https://cjdropshipping.com/,cjdropshipping.com,supply,supply;price;operations,supplier_moq;supplier_price;supplier_lead_time,live-price-30d,cjdropshipping,false,true,Supply only — never demand; catalogue overlaps other platforms,true
src-1688,1688,supplier_listing,public_manual,https://www.1688.com/,1688.com,supply,supply;price;operations,supplier_moq;supplier_price,live-price-30d,1688,false,true,Supply only — never demand; language and export terms apply,true
src-manufacturer-sites,Manufacturer sites,supplier_listing,public_manual,manual,*,supply,supply;operations;risk,supplier_moq;supplier_price;supplier_lead_time;customization,live-price-30d,manufacturer:{domain},false,true,Supply only — never demand; verify identity and certifications,true
src-google-trends,Google Trends,search_interest,conditional_access,https://developers.google.com/search/apis/trends,trends.google.com,product_reality,demand;seasonality,seasonality;demand_interest,social-14d,google-trends,false,false,Interest is not demand; API alpha access is limited,false
src-meta-ad-library,Meta Ad Library,ad_library,public_manual,https://www.facebook.com/ads/library/,facebook.com/ads/library,product_reality,competition,competition,social-7d,meta-ads,false,false,Ad presence does not establish profitability,true
src-pinterest-trends,Pinterest Trends,social_trend,public_manual,https://trends.pinterest.com/,trends.pinterest.com,product_reality,seasonality;demand,seasonality,social-14d,pinterest,false,false,Availability and shown metrics vary by region/account,true
src-noaa-normals,NOAA U.S. Climate Normals,official_statistics,official_export,https://www.ncei.noaa.gov/products/land-based-station/us-climate-normals,ncei.noaa.gov,field_evidence,seasonality,seasonality,static-365d,noaa,false,false,Normals are baseline statistics not forecasts,true
src-nps-stats,NPS Visitor Use Statistics,official_statistics,official_export,https://irma.nps.gov/Stats/,irma.nps.gov,field_evidence,behavior;seasonality,behavior;seasonality,static-90d,nps,false,false,Park visitation is a broad participation proxy,true
src-usfws-survey,USFWS National Survey,official_statistics,official_export,https://www.fws.gov/program/national-survey-fishing-hunting-and-wildlife-associated-recreation-fhwar,fws.gov,field_evidence,behavior,behavior,static-365d,usfws,false,false,Survey periodicity and population definitions must be retained,true
src-bea-outdoor,BEA Outdoor Recreation Satellite Account,official_statistics,official_export,https://www.bea.gov/data/special-topics/outdoor-recreation,bea.gov,field_evidence,behavior,behavior,static-365d,bea,false,false,Macro category size does not validate a niche,true
src-bls-atus,BLS American Time Use Survey,official_statistics,official_export,https://www.bls.gov/tus/,bls.gov,field_evidence,behavior,behavior,static-365d,bls,false,false,Average-day participation cannot establish product demand,true
src-interviews,Participant interviews,first_party,first_party,first-party,-,field_evidence;product_reality,behavior;friction;workaround;demand;contradiction,behavior;complaint;workaround;falsification,stable-behavior-90d,interview:{participant},false,false,Small samples; do not overgeneralize; consent required,true
src-google-ads,Google Ads Keyword Planning,search_interest,official_api,https://developers.google.com/google-ads/api/docs/keyword-planning/generate-keyword-ideas,ads.google.com,product_reality,demand,demand_interest,social-30d,google-ads,false,false,Requires account credentials; metrics are advertising planning estimates,false
src-google-merchant,Google Merchant Reports,marketplace_listing,official_api,https://developers.google.com/merchant/api/guides/reports/overview,merchants.google.com,product_reality,competition;price,competition;price,live-price-30d,google-merchant,true,false,Requires Merchant access and applicable account data,false
